rollno,name,age,email,mobile
123,Ria sharma,14,ria@gmail.com,89876543
501,Anandesh,20,anandesh@gmail.com,1229095572
102,Mohini Das,23,mohinidas@gmail.com,9007515302
123,Ria sharma,14,ria@gmail.com,89876543
501,Anandesh,20,anandesh@gmail.com,1229095572
102,Mohini Das,23,mohinidas@gmail.com,9007515302
123,Ria sharma,14,ria@gmail.com,89876543
501,Anandesh,20,anandesh@gmail.com,1229095572
102,Mohini Das,23,mohinidas@gmail.com,9007515302
123,Ria sharma,14,ria@gmail.com,89876543
501,Anandesh,20,anandesh@gmail.com,1229095572
102,Mohini Das,23,mohinidas@gmail.com,9007515302
123,Ria sharma,14,ria@gmail.com,89876543
501,Anandesh,20,anandesh@gmail.com,1229095572
102,Mohini Das,23,mohinidas@gmail.com,9007515302
123,Ria sharma,14,ria@gmail.com,89876543
501,Anandesh,20,anandesh@gmail.com,1229095572
102,Mohini Das,23,mohinidas@gmail.com,9007515302
123,Ria sharma,14,ria@gmail.com,89876543
501,Anandesh,20,anandesh@gmail.com,1229095572
102,Mohini Das,23,mohinidas@gmail.com,9007515302
123,Ria sharma,14,ria@gmail.com,89876543
501,Anandesh,20,anandesh@gmail.com,1229095572
102,Mohini Das,23,mohinidas@gmail.com,9007515302
123,Ria sharma,14,ria@gmail.com,89876543
501,Anandesh,20,anandesh@gmail.com,1229095572
102,Mohini Das,23,mohinidas@gmail.com,9007515302
123,Ria sharma,14,ria@gmail.com,89876543
501,Anandesh,20,anandesh@gmail.com,1229095572
102,Mohini Das,23,mohinidas@gmail.com,9007515302
123,Ria sharma,14,ria@gmail.com,89876543
501,Anandesh,20,anandesh@gmail.com,1229095572
102,Mohini Das,23,mohinidas@gmail.com,9007515302
123,Ria sharma,14,ria@gmail.com,89876543
501,Anandesh,20,anandesh@gmail.com,1229095572
102,Mohini Das,23,mohinidas@gmail.com,9007515302
123,Ria sharma,14,ria@gmail.com,89876543
501,Anandesh,20,anandesh@gmail.com,1229095572
102,Mohini Das,23,mohinidas@gmail.com,9007515302
123,Ria sharma,14,ria@gmail.com,89876543
501,Anandesh,20,anandesh@gmail.com,1229095572
102,Mohini Das,23,mohinidas@gmail.com,9007515302
123,Ria sharma,14,ria@gmail.com,89876543
501,Anandesh,20,anandesh@gmail.com,1229095572
102,Mohini Das,23,mohinidas@gmail.com,9007515302
123,Ria sharma,14,ria@gmail.com,89876543
501,Anandesh,20,anandesh@gmail.com,1229095572
102,Mohini Das,23,mohinidas@gmail.com,9007515302
123,Ria sharma,14,ria@gmail.com,89876543
501,Anandesh,20,anandesh@gmail.com,1229095572
102,Mohini Das,23,mohinidas@gmail.com,9007515302
123,Ria sharma,14,ria@gmail.com,89876543
501,Anandesh,20,anandesh@gmail.com,1229095572
102,Mohini Das,23,mohinidas@gmail.com,9007515302
123,Ria sharma,14,ria@gmail.com,89876543
501,Anandesh,20,anandesh@gmail.com,1229095572
102,Mohini Das,23,mohinidas@gmail.com,9007515302
123,Ria sharma,14,ria@gmail.com,89876543
501,Anandesh,20,anandesh@gmail.com,1229095572
102,Mohini Das,23,mohinidas@gmail.com,9007515302
123,Ria sharma,14,ria@gmail.com,89876543
501,Anandesh,20,anandesh@gmail.com,1229095572
102,Mohini Das,23,mohinidas@gmail.com,9007515302
123,Ria sharma,14,ria@gmail.com,89876543
501,Anandesh,20,anandesh@gmail.com,1229095572
102,Mohini Das,23,mohinidas@gmail.com,9007515302
123,Ria sharma,14,ria@gmail.com,89876543
501,Anandesh,20,anandesh@gmail.com,1229095572
102,Mohini Das,23,mohinidas@gmail.com,9007515302
123,Ria sharma,14,ria@gmail.com,89876543
501,Anandesh,20,anandesh@gmail.com,1229095572
102,Mohini Das,23,mohinidas@gmail.com,9007515302
123,Ria sharma,14,ria@gmail.com,89876543
501,Anandesh,20,anandesh@gmail.com,1229095572
102,Mohini Das,23,mohinidas@gmail.com,9007515302
123,Ria sharma,14,ria@gmail.com,89876543
501,Anandesh,20,anandesh@gmail.com,1229095572
102,Mohini Das,23,mohinidas@gmail.com,9007515302
123,Ria sharma,14,ria@gmail.com,89876543
501,Anandesh,20,anandesh@gmail.com,1229095572
102,Mohini Das,23,mohinidas@gmail.com,9007515302
123,Ria sharma,14,ria@gmail.com,89876543
501,Anandesh,20,anandesh@gmail.com,1229095572
102,Mohini Das,23,mohinidas@gmail.com,9007515302
123,Ria sharma,14,ria@gmail.com,89876543
501,Anandesh,20,anandesh@gmail.com,1229095572
102,Mohini Das,23,mohinidas@gmail.com,9007515302
123,Ria sharma,14,ria@gmail.com,89876543
501,Anandesh,20,anandesh@gmail.com,1229095572
102,Mohini Das,23,mohinidas@gmail.com,9007515302
123,Ria sharma,14,ria@gmail.com,89876543
501,Anandesh,20,anandesh@gmail.com,1229095572
102,Mohini Das,23,mohinidas@gmail.com,9007515302
123,Ria sharma,14,ria@gmail.com,89876543
501,Anandesh,20,anandesh@gmail.com,1229095572
102,Mohini Das,23,mohinidas@gmail.com,9007515302
123,Ria sharma,14,ria@gmail.com,89876543
501,Anandesh,20,anandesh@gmail.com,1229095572
102,Mohini Das,23,mohinidas@gmail.com,9007515302
123,Ria sharma,14,ria@gmail.com,89876543
501,Anandesh,20,anandesh@gmail.com,1229095572
102,Mohini Das,23,mohinidas@gmail.com,9007515302
123,Ria sharma,14,ria@gmail.com,89876543
501,Anandesh,20,anandesh@gmail.com,1229095572
102,Mohini Das,23,mohinidas@gmail.com,9007515302
123,Ria sharma,14,ria@gmail.com,89876543
501,Anandesh,20,anandesh@gmail.com,1229095572
102,Mohini Das,23,mohinidas@gmail.com,9007515302
123,Ria sharma,14,ria@gmail.com,89876543
501,Anandesh,20,anandesh@gmail.com,1229095572
102,Mohini Das,23,mohinidas@gmail.com,9007515302
123,Ria sharma,14,ria@gmail.com,89876543
501,Anandesh,20,anandesh@gmail.com,1229095572
102,Mohini Das,23,mohinidas@gmail.com,9007515302
123,Ria sharma,14,ria@gmail.com,89876543
501,Anandesh,20,anandesh@gmail.com,1229095572
102,Mohini Das,23,mohinidas@gmail.com,9007515302
123,Ria sharma,14,ria@gmail.com,89876543
501,Anandesh,20,anandesh@gmail.com,1229095572
102,Mohini Das,23,mohinidas@gmail.com,9007515302
123,Ria sharma,14,ria@gmail.com,89876543
501,Anandesh,20,anandesh@gmail.com,1229095572
102,Mohini Das,23,mohinidas@gmail.com,9007515302
123,Ria sharma,14,ria@gmail.com,89876543
501,Anandesh,20,anandesh@gmail.com,1229095572
102,Mohini Das,23,mohinidas@gmail.com,9007515302
123,Ria sharma,14,ria@gmail.com,89876543
501,Anandesh,20,anandesh@gmail.com,1229095572
102,Mohini Das,23,mohinidas@gmail.com,9007515302
123,Ria sharma,14,ria@gmail.com,89876543
501,Anandesh,20,anandesh@gmail.com,1229095572
102,Mohini Das,23,mohinidas@gmail.com,9007515302
123,Ria sharma,14,ria@gmail.com,89876543
501,Anandesh,20,anandesh@gmail.com,1229095572
102,Mohini Das,23,mohinidas@gmail.com,9007515302
123,Ria sharma,14,ria@gmail.com,89876543
501,Anandesh,20,anandesh@gmail.com,1229095572
102,Mohini Das,23,mohinidas@gmail.com,9007515302
123,Ria sharma,14,ria@gmail.com,89876543
501,Anandesh,20,anandesh@gmail.com,1229095572
102,Mohini Das,23,mohinidas@gmail.com,9007515302
123,Ria sharma,14,ria@gmail.com,89876543
501,Anandesh,20,anandesh@gmail.com,1229095572
102,Mohini Das,23,mohinidas@gmail.com,9007515302
123,Ria sharma,14,ria@gmail.com,89876543
501,Anandesh,20,anandesh@gmail.com,1229095572
102,Mohini Das,23,mohinidas@gmail.com,9007515302
123,Ria sharma,14,ria@gmail.com,89876543
501,Anandesh,20,anandesh@gmail.com,1229095572
102,Mohini Das,23,mohinidas@gmail.com,9007515302
123,Ria sharma,14,ria@gmail.com,89876543
501,Anandesh,20,anandesh@gmail.com,1229095572
102,Mohini Das,23,mohinidas@gmail.com,9007515302
123,Ria sharma,14,ria@gmail.com,89876543
501,Anandesh,20,anandesh@gmail.com,1229095572
102,Mohini Das,23,mohinidas@gmail.com,9007515302
123,Ria sharma,14,ria@gmail.com,89876543
501,Anandesh,20,anandesh@gmail.com,1229095572
102,Mohini Das,23,mohinidas@gmail.com,9007515302
123,Ria sharma,14,ria@gmail.com,89876543
501,Anandesh,20,anandesh@gmail.com,1229095572
102,Mohini Das,23,mohinidas@gmail.com,9007515302
123,Ria sharma,14,ria@gmail.com,89876543
501,Anandesh,20,anandesh@gmail.com,1229095572
102,Mohini Das,23,mohinidas@gmail.com,9007515302
123,Ria sharma,14,ria@gmail.com,89876543
501,Anandesh,20,anandesh@gmail.com,1229095572
102,Mohini Das,23,mohinidas@gmail.com,9007515302
123,Ria sharma,14,ria@gmail.com,89876543
501,Anandesh,20,anandesh@gmail.com,1229095572
102,Mohini Das,23,mohinidas@gmail.com,9007515302
123,Ria sharma,14,ria@gmail.com,89876543
501,Anandesh,20,anandesh@gmail.com,1229095572
102,Mohini Das,23,mohinidas@gmail.com,9007515302
123,Ria sharma,14,ria@gmail.com,89876543
501,Anandesh,20,anandesh@gmail.com,1229095572
102,Mohini Das,23,mohinidas@gmail.com,9007515302
123,Ria sharma,14,ria@gmail.com,89876543
501,Anandesh,20,anandesh@gmail.com,1229095572
102,Mohini Das,23,mohinidas@gmail.com,9007515302
123,Ria sharma,14,ria@gmail.com,89876543
501,Anandesh,20,anandesh@gmail.com,1229095572
102,Mohini Das,23,mohinidas@gmail.com,9007515302
123,Ria sharma,14,ria@gmail.com,89876543
501,Anandesh,20,anandesh@gmail.com,1229095572
102,Mohini Das,23,mohinidas@gmail.com,9007515302
123,Ria sharma,14,ria@gmail.com,89876543
501,Anandesh,20,anandesh@gmail.com,1229095572
102,Mohini Das,23,mohinidas@gmail.com,9007515302
123,Ria sharma,14,ria@gmail.com,89876543
501,Anandesh,20,anandesh@gmail.com,1229095572
102,Mohini Das,23,mohinidas@gmail.com,9007515302
123,Ria sharma,14,ria@gmail.com,89876543
501,Anandesh,20,anandesh@gmail.com,1229095572
102,Mohini Das,23,mohinidas@gmail.com,9007515302
123,Ria sharma,14,ria@gmail.com,89876543
501,Anandesh,20,anandesh@gmail.com,1229095572
102,Mohini Das,23,mohinidas@gmail.com,9007515302
123,Ria sharma,14,ria@gmail.com,89876543
501,Anandesh,20,anandesh@gmail.com,1229095572
102,Mohini Das,23,mohinidas@gmail.com,9007515302
123,Ria sharma,14,ria@gmail.com,89876543
501,Anandesh,20,anandesh@gmail.com,1229095572
102,Mohini Das,23,mohinidas@gmail.com,9007515302
123,Ria sharma,14,ria@gmail.com,89876543
501,Anandesh,20,anandesh@gmail.com,1229095572
102,Mohini Das,23,mohinidas@gmail.com,9007515302
123,Ria sharma,14,ria@gmail.com,89876543
501,Anandesh,20,anandesh@gmail.com,1229095572
102,Mohini Das,23,mohinidas@gmail.com,9007515302
123,Ria sharma,14,ria@gmail.com,89876543
501,Anandesh,20,anandesh@gmail.com,1229095572
102,Mohini Das,23,mohinidas@gmail.com,9007515302
123,Ria sharma,14,ria@gmail.com,89876543
501,Anandesh,20,anandesh@gmail.com,1229095572
102,Mohini Das,23,mohinidas@gmail.com,9007515302
123,Ria sharma,14,ria@gmail.com,89876543
501,Anandesh,20,anandesh@gmail.com,1229095572
102,Mohini Das,23,mohinidas@gmail.com,9007515302
123,Ria sharma,14,ria@gmail.com,89876543
501,Anandesh,20,anandesh@gmail.com,1229095572
102,Mohini Das,23,mohinidas@gmail.com,9007515302
123,Ria sharma,14,ria@gmail.com,89876543
501,Anandesh,20,anandesh@gmail.com,1229095572
102,Mohini Das,23,mohinidas@gmail.com,9007515302
123,Ria sharma,14,ria@gmail.com,89876543
501,Anandesh,20,anandesh@gmail.com,1229095572
102,Mohini Das,23,mohinidas@gmail.com,9007515302
123,Ria sharma,14,ria@gmail.com,89876543
501,Anandesh,20,anandesh@gmail.com,1229095572
102,Mohini Das,23,mohinidas@gmail.com,9007515302
123,Ria sharma,14,ria@gmail.com,89876543
501,Anandesh,20,anandesh@gmail.com,1229095572
102,Mohini Das,23,mohinidas@gmail.com,9007515302
123,Ria sharma,14,ria@gmail.com,89876543
501,Anandesh,20,anandesh@gmail.com,1229095572
102,Mohini Das,23,mohinidas@gmail.com,9007515302
123,Ria sharma,14,ria@gmail.com,89876543
501,Anandesh,20,anandesh@gmail.com,1229095572
102,Mohini Das,23,mohinidas@gmail.com,9007515302
123,Ria sharma,14,ria@gmail.com,89876543
501,Anandesh,20,anandesh@gmail.com,1229095572
102,Mohini Das,23,mohinidas@gmail.com,9007515302
123,Ria sharma,14,ria@gmail.com,89876543
501,Anandesh,20,anandesh@gmail.com,1229095572
102,Mohini Das,23,mohinidas@gmail.com,9007515302
123,Ria sharma,14,ria@gmail.com,89876543
501,Anandesh,20,anandesh@gmail.com,1229095572
102,Mohini Das,23,mohinidas@gmail.com,9007515302
123,Ria sharma,14,ria@gmail.com,89876543
501,Anandesh,20,anandesh@gmail.com,1229095572
102,Mohini Das,23,mohinidas@gmail.com,9007515302
123,Ria sharma,14,ria@gmail.com,89876543
501,Anandesh,20,anandesh@gmail.com,1229095572
102,Mohini Das,23,mohinidas@gmail.com,9007515302
123,Ria sharma,14,ria@gmail.com,89876543
501,Anandesh,20,anandesh@gmail.com,1229095572
102,Mohini Das,23,mohinidas@gmail.com,9007515302
123,Ria sharma,14,ria@gmail.com,89876543
501,Anandesh,20,anandesh@gmail.com,1229095572
102,Mohini Das,23,mohinidas@gmail.com,9007515302
123,Ria sharma,14,ria@gmail.com,89876543
501,Anandesh,20,anandesh@gmail.com,1229095572
102,Mohini Das,23,mohinidas@gmail.com,9007515302
123,Ria sharma,14,ria@gmail.com,89876543
501,Anandesh,20,anandesh@gmail.com,1229095572
102,Mohini Das,23,mohinidas@gmail.com,9007515302
123,Ria sharma,14,ria@gmail.com,89876543
501,Anandesh,20,anandesh@gmail.com,1229095572
102,Mohini Das,23,mohinidas@gmail.com,9007515302
123,Ria sharma,14,ria@gmail.com,89876543
501,Anandesh,20,anandesh@gmail.com,1229095572
102,Mohini Das,23,mohinidas@gmail.com,9007515302
123,Ria sharma,14,ria@gmail.com,89876543
501,Anandesh,20,anandesh@gmail.com,1229095572
102,Mohini Das,23,mohinidas@gmail.com,9007515302
123,Ria sharma,14,ria@gmail.com,89876543
501,Anandesh,20,anandesh@gmail.com,1229095572
102,Mohini Das,23,mohinidas@gmail.com,9007515302
123,Ria sharma,14,ria@gmail.com,89876543
501,Anandesh,20,anandesh@gmail.com,1229095572
102,Mohini Das,23,mohinidas@gmail.com,9007515302
123,Ria sharma,14,ria@gmail.com,89876543
501,Anandesh,20,anandesh@gmail.com,1229095572
102,Mohini Das,23,mohinidas@gmail.com,9007515302
123,Ria sharma,14,ria@gmail.com,89876543
501,Anandesh,20,anandesh@gmail.com,1229095572
102,Mohini Das,23,mohinidas@gmail.com,9007515302
123,Ria sharma,14,ria@gmail.com,89876543
501,Anandesh,20,anandesh@gmail.com,1229095572
102,Mohini Das,23,mohinidas@gmail.com,9007515302
123,Ria sharma,14,ria@gmail.com,89876543
501,Anandesh,20,anandesh@gmail.com,1229095572
102,Mohini Das,23,mohinidas@gmail.com,9007515302
123,Ria sharma,14,ria@gmail.com,89876543
501,Anandesh,20,anandesh@gmail.com,1229095572
102,Mohini Das,23,mohinidas@gmail.com,9007515302
123,Ria sharma,14,ria@gmail.com,89876543
501,Anandesh,20,anandesh@gmail.com,1229095572
102,Mohini Das,23,mohinidas@gmail.com,9007515302
123,Ria sharma,14,ria@gmail.com,89876543
501,Anandesh,20,anandesh@gmail.com,1229095572
102,Mohini Das,23,mohinidas@gmail.com,9007515302
123,Ria sharma,14,ria@gmail.com,89876543
501,Anandesh,20,anandesh@gmail.com,1229095572
102,Mohini Das,23,mohinidas@gmail.com,9007515302
123,Ria sharma,14,ria@gmail.com,89876543
501,Anandesh,20,anandesh@gmail.com,1229095572
102,Mohini Das,23,mohinidas@gmail.com,9007515302
123,Ria sharma,14,ria@gmail.com,89876543
501,Anandesh,20,anandesh@gmail.com,1229095572
102,Mohini Das,23,mohinidas@gmail.com,9007515302
123,Ria sharma,14,ria@gmail.com,89876543
501,Anandesh,20,anandesh@gmail.com,1229095572
102,Mohini Das,23,mohinidas@gmail.com,9007515302
123,Ria sharma,14,ria@gmail.com,89876543
501,Anandesh,20,anandesh@gmail.com,1229095572
102,Mohini Das,23,mohinidas@gmail.com,9007515302
123,Ria sharma,14,ria@gmail.com,89876543
501,Anandesh,20,anandesh@gmail.com,1229095572
102,Mohini Das,23,mohinidas@gmail.com,9007515302
123,Ria sharma,14,ria@gmail.com,89876543
501,Anandesh,20,anandesh@gmail.com,1229095572
102,Mohini Das,23,mohinidas@gmail.com,9007515302
123,Ria sharma,14,ria@gmail.com,89876543
501,Anandesh,20,anandesh@gmail.com,1229095572
102,Mohini Das,23,mohinidas@gmail.com,9007515302
123,Ria sharma,14,ria@gmail.com,89876543
501,Anandesh,20,anandesh@gmail.com,1229095572
102,Mohini Das,23,mohinidas@gmail.com,9007515302
123,Ria sharma,14,ria@gmail.com,89876543
501,Anandesh,20,anandesh@gmail.com,1229095572
102,Mohini Das,23,mohinidas@gmail.com,9007515302
123,Ria sharma,14,ria@gmail.com,89876543
501,Anandesh,20,anandesh@gmail.com,1229095572
102,Mohini Das,23,mohinidas@gmail.com,9007515302
123,Ria sharma,14,ria@gmail.com,89876543
501,Anandesh,20,anandesh@gmail.com,1229095572
102,Mohini Das,23,mohinidas@gmail.com,9007515302
123,Ria sharma,14,ria@gmail.com,89876543
501,Anandesh,20,anandesh@gmail.com,1229095572
102,Mohini Das,23,mohinidas@gmail.com,9007515302
123,Ria sharma,14,ria@gmail.com,89876543
501,Anandesh,20,anandesh@gmail.com,1229095572
102,Mohini Das,23,mohinidas@gmail.com,9007515302
123,Ria sharma,14,ria@gmail.com,89876543
501,Anandesh,20,anandesh@gmail.com,1229095572
102,Mohini Das,23,mohinidas@gmail.com,9007515302
123,Ria sharma,14,ria@gmail.com,89876543
501,Anandesh,20,anandesh@gmail.com,1229095572
102,Mohini Das,23,mohinidas@gmail.com,9007515302
123,Ria sharma,14,ria@gmail.com,89876543
501,Anandesh,20,anandesh@gmail.com,1229095572
102,Mohini Das,23,mohinidas@gmail.com,9007515302
123,Ria sharma,14,ria@gmail.com,89876543
501,Anandesh,20,anandesh@gmail.com,1229095572
102,Mohini Das,23,mohinidas@gmail.com,9007515302
123,Ria sharma,14,ria@gmail.com,89876543
501,Anandesh,20,anandesh@gmail.com,1229095572
102,Mohini Das,23,mohinidas@gmail.com,9007515302
123,Ria sharma,14,ria@gmail.com,89876543
501,Anandesh,20,anandesh@gmail.com,1229095572
102,Mohini Das,23,mohinidas@gmail.com,9007515302
123,Ria sharma,14,ria@gmail.com,89876543
501,Anandesh,20,anandesh@gmail.com,1229095572
102,Mohini Das,23,mohinidas@gmail.com,9007515302
123,Ria sharma,14,ria@gmail.com,89876543
501,Anandesh,20,anandesh@gmail.com,1229095572
102,Mohini Das,23,mohinidas@gmail.com,9007515302
123,Ria sharma,14,ria@gmail.com,89876543
501,Anandesh,20,anandesh@gmail.com,1229095572
102,Mohini Das,23,mohinidas@gmail.com,9007515302
123,Ria sharma,14,ria@gmail.com,89876543
501,Anandesh,20,anandesh@gmail.com,1229095572
102,Mohini Das,23,mohinidas@gmail.com,9007515302
123,Ria sharma,14,ria@gmail.com,89876543
501,Anandesh,20,anandesh@gmail.com,1229095572
102,Mohini Das,23,mohinidas@gmail.com,9007515302
123,Ria sharma,14,ria@gmail.com,89876543
501,Anandesh,20,anandesh@gmail.com,1229095572
102,Mohini Das,23,mohinidas@gmail.com,9007515302
123,Ria sharma,14,ria@gmail.com,89876543
501,Anandesh,20,anandesh@gmail.com,1229095572
102,Mohini Das,23,mohinidas@gmail.com,9007515302
123,Ria sharma,14,ria@gmail.com,89876543
501,Anandesh,20,anandesh@gmail.com,1229095572
102,Mohini Das,23,mohinidas@gmail.com,9007515302
123,Ria sharma,14,ria@gmail.com,89876543
501,Anandesh,20,anandesh@gmail.com,1229095572
102,Mohini Das,23,mohinidas@gmail.com,9007515302
123,Ria sharma,14,ria@gmail.com,89876543
501,Anandesh,20,anandesh@gmail.com,1229095572
102,Mohini Das,23,mohinidas@gmail.com,9007515302
123,Ria sharma,14,ria@gmail.com,89876543
501,Anandesh,20,anandesh@gmail.com,1229095572
102,Mohini Das,23,mohinidas@gmail.com,9007515302
123,Ria sharma,14,ria@gmail.com,89876543
501,Anandesh,20,anandesh@gmail.com,1229095572
102,Mohini Das,23,mohinidas@gmail.com,9007515302
123,Ria sharma,14,ria@gmail.com,89876543
501,Anandesh,20,anandesh@gmail.com,1229095572
102,Mohini Das,23,mohinidas@gmail.com,9007515302
123,Ria sharma,14,ria@gmail.com,89876543
501,Anandesh,20,anandesh@gmail.com,1229095572
102,Mohini Das,23,mohinidas@gmail.com,9007515302
123,Ria sharma,14,ria@gmail.com,89876543
501,Anandesh,20,anandesh@gmail.com,1229095572
102,Mohini Das,23,mohinidas@gmail.com,9007515302
123,Ria sharma,14,ria@gmail.com,89876543
501,Anandesh,20,anandesh@gmail.com,1229095572
102,Mohini Das,23,mohinidas@gmail.com,9007515302
123,Ria sharma,14,ria@gmail.com,89876543
501,Anandesh,20,anandesh@gmail.com,1229095572
102,Mohini Das,23,mohinidas@gmail.com,9007515302
123,Ria sharma,14,ria@gmail.com,89876543
501,Anandesh,20,anandesh@gmail.com,1229095572
102,Mohini Das,23,mohinidas@gmail.com,9007515302
123,Ria sharma,14,ria@gmail.com,89876543
501,Anandesh,20,anandesh@gmail.com,1229095572
102,Mohini Das,23,mohinidas@gmail.com,9007515302
123,Ria sharma,14,ria@gmail.com,89876543
501,Anandesh,20,anandesh@gmail.com,1229095572
102,Mohini Das,23,mohinidas@gmail.com,9007515302
123,Ria sharma,14,ria@gmail.com,89876543
501,Anandesh,20,anandesh@gmail.com,1229095572
102,Mohini Das,23,mohinidas@gmail.com,9007515302
123,Ria sharma,14,ria@gmail.com,89876543
501,Anandesh,20,anandesh@gmail.com,1229095572
102,Mohini Das,23,mohinidas@gmail.com,9007515302
123,Ria sharma,14,ria@gmail.com,89876543
501,Anandesh,20,anandesh@gmail.com,1229095572
102,Mohini Das,23,mohinidas@gmail.com,9007515302
123,Ria sharma,14,ria@gmail.com,89876543
501,Anandesh,20,anandesh@gmail.com,1229095572
102,Mohini Das,23,mohinidas@gmail.com,9007515302
123,Ria sharma,14,ria@gmail.com,89876543
501,Anandesh,20,anandesh@gmail.com,1229095572
102,Mohini Das,23,mohinidas@gmail.com,9007515302
123,Ria sharma,14,ria@gmail.com,89876543
501,Anandesh,20,anandesh@gmail.com,1229095572
102,Mohini Das,23,mohinidas@gmail.com,9007515302
123,Ria sharma,14,ria@gmail.com,89876543
501,Anandesh,20,anandesh@gmail.com,1229095572
102,Mohini Das,23,mohinidas@gmail.com,9007515302
123,Ria sharma,14,ria@gmail.com,89876543
501,Anandesh,20,anandesh@gmail.com,1229095572
102,Mohini Das,23,mohinidas@gmail.com,9007515302
123,Ria sharma,14,ria@gmail.com,89876543
501,Anandesh,20,anandesh@gmail.com,1229095572
102,Mohini Das,23,mohinidas@gmail.com,9007515302
123,Ria sharma,14,ria@gmail.com,89876543
501,Anandesh,20,anandesh@gmail.com,1229095572
102,Mohini Das,23,mohinidas@gmail.com,9007515302
123,Ria sharma,14,ria@gmail.com,89876543
501,Anandesh,20,anandesh@gmail.com,1229095572
102,Mohini Das,23,mohinidas@gmail.com,9007515302
123,Ria sharma,14,ria@gmail.com,89876543
501,Anandesh,20,anandesh@gmail.com,1229095572
102,Mohini Das,23,mohinidas@gmail.com,9007515302
1000,Ramesh,500,ramesh@ramesh.com,123456
1000,Ramesh,500,ramesh@ramesh.com,123456
1000,Ramesh,500,ramesh@ramesh.com,123456
1000,Ramesh,500,ramesh@ramesh.com,123456
123,Ria sharma,14,ria@gmail.com,89876543
501,Anandesh,20,anandesh@gmail.com,1229095572
102,Mohini Das,23,mohinidas@gmail.com,9007515302
123,Ria sharma,14,ria@gmail.com,89876543
501,Anandesh,20,anandesh@gmail.com,1229095572
102,Mohini Das,23,mohinidas@gmail.com,9007515302
123,Ria sharma,14,ria@gmail.com,89876543
501,Anandesh,20,anandesh@gmail.com,1229095572
102,Mohini Das,23,mohinidas@gmail.com,9007515302
123,Ria sharma,14,ria@gmail.com,89876543
501,Anandesh,20,anandesh@gmail.com,1229095572
102,Mohini Das,23,mohinidas@gmail.com,9007515302
123,Ria sharma,14,ria@gmail.com,89876543
501,Anandesh,20,anandesh@gmail.com,1229095572
102,Mohini Das,23,mohinidas@gmail.com,9007515302
123,Ria sharma,14,ria@gmail.com,89876543
501,Anandesh,20,anandesh@gmail.com,1229095572
102,Mohini Das,23,mohinidas@gmail.com,9007515302
123,Ria sharma,14,ria@gmail.com,89876543
501,Anandesh,20,anandesh@gmail.com,1229095572
102,Mohini Das,23,mohinidas@gmail.com,9007515302
123,Ria sharma,14,ria@gmail.com,89876543
501,Anandesh,20,anandesh@gmail.com,1229095572
102,Mohini Das,23,mohinidas@gmail.com,9007515302
123,Ria sharma,14,ria@gmail.com,89876543
501,Anandesh,20,anandesh@gmail.com,1229095572
102,Mohini Das,23,mohinidas@gmail.com,9007515302
123,Ria sharma,14,ria@gmail.com,89876543
501,Anandesh,20,anandesh@gmail.com,1229095572
102,Mohini Das,23,mohinidas@gmail.com,9007515302
123,Ria sharma,14,ria@gmail.com,89876543
501,Anandesh,20,anandesh@gmail.com,1229095572
102,Mohini Das,23,mohinidas@gmail.com,9007515302
123,Ria sharma,14,ria@gmail.com,89876543
501,Anandesh,20,anandesh@gmail.com,1229095572
102,Mohini Das,23,mohinidas@gmail.com,9007515302
123,Ria sharma,14,ria@gmail.com,89876543
501,Anandesh,20,anandesh@gmail.com,1229095572
102,Mohini Das,23,mohinidas@gmail.com,9007515302
123,Ria sharma,14,ria@gmail.com,89876543
501,Anandesh,20,anandesh@gmail.com,1229095572
102,Mohini Das,23,mohinidas@gmail.com,9007515302
123,Ria sharma,14,ria@gmail.com,89876543
501,Anandesh,20,anandesh@gmail.com,1229095572
102,Mohini Das,23,mohinidas@gmail.com,9007515302
123,Ria sharma,14,ria@gmail.com,89876543
501,Anandesh,20,anandesh@gmail.com,1229095572
102,Mohini Das,23,mohinidas@gmail.com,9007515302
123,Ria sharma,14,ria@gmail.com,89876543
501,Anandesh,20,anandesh@gmail.com,1229095572
102,Mohini Das,23,mohinidas@gmail.com,9007515302
123,Ria sharma,14,ria@gmail.com,89876543
501,Anandesh,20,anandesh@gmail.com,1229095572
102,Mohini Das,23,mohinidas@gmail.com,9007515302
123,Ria sharma,14,ria@gmail.com,89876543
501,Anandesh,20,anandesh@gmail.com,1229095572
102,Mohini Das,23,mohinidas@gmail.com,9007515302
123,Ria sharma,14,ria@gmail.com,89876543
501,Anandesh,20,anandesh@gmail.com,1229095572
102,Mohini Das,23,mohinidas@gmail.com,9007515302
123,Ria sharma,14,ria@gmail.com,89876543
501,Anandesh,20,anandesh@gmail.com,1229095572
102,Mohini Das,23,mohinidas@gmail.com,9007515302
123,Ria sharma,14,ria@gmail.com,89876543
501,Anandesh,20,anandesh@gmail.com,1229095572
102,Mohini Das,23,mohinidas@gmail.com,9007515302
123,Ria sharma,14,ria@gmail.com,89876543
501,Anandesh,20,anandesh@gmail.com,1229095572
102,Mohini Das,23,mohinidas@gmail.com,9007515302
123,Ria sharma,14,ria@gmail.com,89876543
501,Anandesh,20,anandesh@gmail.com,1229095572
102,Mohini Das,23,mohinidas@gmail.com,9007515302
123,Ria sharma,14,ria@gmail.com,89876543
501,Anandesh,20,anandesh@gmail.com,1229095572
102,Mohini Das,23,mohinidas@gmail.com,9007515302
123,Ria sharma,14,ria@gmail.com,89876543
501,Anandesh,20,anandesh@gmail.com,1229095572
102,Mohini Das,23,mohinidas@gmail.com,9007515302
123,Ria sharma,14,ria@gmail.com,89876543
501,Anandesh,20,anandesh@gmail.com,1229095572
102,Mohini Das,23,mohinidas@gmail.com,9007515302
123,Ria sharma,14,ria@gmail.com,89876543
501,Anandesh,20,anandesh@gmail.com,1229095572
102,Mohini Das,23,mohinidas@gmail.com,9007515302
123,Ria sharma,14,ria@gmail.com,89876543
501,Anandesh,20,anandesh@gmail.com,1229095572
102,Mohini Das,23,mohinidas@gmail.com,9007515302
123,Ria sharma,14,ria@gmail.com,89876543
501,Anandesh,20,anandesh@gmail.com,1229095572
102,Mohini Das,23,mohinidas@gmail.com,9007515302
123,Ria sharma,14,ria@gmail.com,89876543
501,Anandesh,20,anandesh@gmail.com,1229095572
102,Mohini Das,23,mohinidas@gmail.com,9007515302
123,Ria sharma,14,ria@gmail.com,89876543
501,Anandesh,20,anandesh@gmail.com,1229095572
102,Mohini Das,23,mohinidas@gmail.com,9007515302
123,Ria sharma,14,ria@gmail.com,89876543
501,Anandesh,20,anandesh@gmail.com,1229095572
102,Mohini Das,23,mohinidas@gmail.com,9007515302
123,Ria sharma,14,ria@gmail.com,89876543
501,Anandesh,20,anandesh@gmail.com,1229095572
102,Mohini Das,23,mohinidas@gmail.com,9007515302
123,Ria sharma,14,ria@gmail.com,89876543
501,Anandesh,20,anandesh@gmail.com,1229095572
102,Mohini Das,23,mohinidas@gmail.com,9007515302
123,Ria sharma,14,ria@gmail.com,89876543
501,Anandesh,20,anandesh@gmail.com,1229095572
102,Mohini Das,23,mohinidas@gmail.com,9007515302
123,Ria sharma,14,ria@gmail.com,89876543
501,Anandesh,20,anandesh@gmail.com,1229095572
102,Mohini Das,23,mohinidas@gmail.com,9007515302
123,Ria sharma,14,ria@gmail.com,89876543
501,Anandesh,20,anandesh@gmail.com,1229095572
102,Mohini Das,23,mohinidas@gmail.com,9007515302
123,Ria sharma,14,ria@gmail.com,89876543
501,Anandesh,20,anandesh@gmail.com,1229095572
102,Mohini Das,23,mohinidas@gmail.com,9007515302
123,Ria sharma,14,ria@gmail.com,89876543
501,Anandesh,20,anandesh@gmail.com,1229095572
102,Mohini Das,23,mohinidas@gmail.com,9007515302
123,Ria sharma,14,ria@gmail.com,89876543
501,Anandesh,20,anandesh@gmail.com,1229095572
102,Mohini Das,23,mohinidas@gmail.com,9007515302
123,Ria sharma,14,ria@gmail.com,89876543
501,Anandesh,20,anandesh@gmail.com,1229095572
102,Mohini Das,23,mohinidas@gmail.com,9007515302
123,Ria sharma,14,ria@gmail.com,89876543
501,Anandesh,20,anandesh@gmail.com,1229095572
102,Mohini Das,23,mohinidas@gmail.com,9007515302
123,Ria sharma,14,ria@gmail.com,89876543
501,Anandesh,20,anandesh@gmail.com,1229095572
102,Mohini Das,23,mohinidas@gmail.com,9007515302
123,Ria sharma,14,ria@gmail.com,89876543
501,Anandesh,20,anandesh@gmail.com,1229095572
102,Mohini Das,23,mohinidas@gmail.com,9007515302
123,Ria sharma,14,ria@gmail.com,89876543
501,Anandesh,20,anandesh@gmail.com,1229095572
102,Mohini Das,23,mohinidas@gmail.com,9007515302
123,Ria sharma,14,ria@gmail.com,89876543
501,Anandesh,20,anandesh@gmail.com,1229095572
102,Mohini Das,23,mohinidas@gmail.com,9007515302
123,Ria sharma,14,ria@gmail.com,89876543
501,Anandesh,20,anandesh@gmail.com,1229095572
102,Mohini Das,23,mohinidas@gmail.com,9007515302
123,Ria sharma,14,ria@gmail.com,89876543
501,Anandesh,20,anandesh@gmail.com,1229095572
102,Mohini Das,23,mohinidas@gmail.com,9007515302
123,Ria sharma,14,ria@gmail.com,89876543
501,Anandesh,20,anandesh@gmail.com,1229095572
102,Mohini Das,23,mohinidas@gmail.com,9007515302
123,Ria sharma,14,ria@gmail.com,89876543
501,Anandesh,20,anandesh@gmail.com,1229095572
102,Mohini Das,23,mohinidas@gmail.com,9007515302
123,Ria sharma,14,ria@gmail.com,89876543
501,Anandesh,20,anandesh@gmail.com,1229095572
102,Mohini Das,23,mohinidas@gmail.com,9007515302
123,Ria sharma,14,ria@gmail.com,89876543
501,Anandesh,20,anandesh@gmail.com,1229095572
102,Mohini Das,23,mohinidas@gmail.com,9007515302
123,Ria sharma,14,ria@gmail.com,89876543
501,Anandesh,20,anandesh@gmail.com,1229095572
102,Mohini Das,23,mohinidas@gmail.com,9007515302
123,Ria sharma,14,ria@gmail.com,89876543
501,Anandesh,20,anandesh@gmail.com,1229095572
102,Mohini Das,23,mohinidas@gmail.com,9007515302
123,Ria sharma,14,ria@gmail.com,89876543
501,Anandesh,20,anandesh@gmail.com,1229095572
102,Mohini Das,23,mohinidas@gmail.com,9007515302
123,Ria sharma,14,ria@gmail.com,89876543
501,Anandesh,20,anandesh@gmail.com,1229095572
102,Mohini Das,23,mohinidas@gmail.com,9007515302
123,Ria sharma,14,ria@gmail.com,89876543
501,Anandesh,20,anandesh@gmail.com,1229095572
102,Mohini Das,23,mohinidas@gmail.com,9007515302
123,Ria sharma,14,ria@gmail.com,89876543
501,Anandesh,20,anandesh@gmail.com,1229095572
102,Mohini Das,23,mohinidas@gmail.com,9007515302
123,Ria sharma,14,ria@gmail.com,89876543
501,Anandesh,20,anandesh@gmail.com,1229095572
102,Mohini Das,23,mohinidas@gmail.com,9007515302
123,Ria sharma,14,ria@gmail.com,89876543
501,Anandesh,20,anandesh@gmail.com,1229095572
102,Mohini Das,23,mohinidas@gmail.com,9007515302
123,Ria sharma,14,ria@gmail.com,89876543
501,Anandesh,20,anandesh@gmail.com,1229095572
102,Mohini Das,23,mohinidas@gmail.com,9007515302
123,Ria sharma,14,ria@gmail.com,89876543
501,Anandesh,20,anandesh@gmail.com,1229095572
102,Mohini Das,23,mohinidas@gmail.com,9007515302
123,Ria sharma,14,ria@gmail.com,89876543
501,Anandesh,20,anandesh@gmail.com,1229095572
102,Mohini Das,23,mohinidas@gmail.com,9007515302
123,Ria sharma,14,ria@gmail.com,89876543
501,Anandesh,20,anandesh@gmail.com,1229095572
102,Mohini Das,23,mohinidas@gmail.com,9007515302
123,Ria sharma,14,ria@gmail.com,89876543
501,Anandesh,20,anandesh@gmail.com,1229095572
102,Mohini Das,23,mohinidas@gmail.com,9007515302
123,Ria sharma,14,ria@gmail.com,89876543
501,Anandesh,20,anandesh@gmail.com,1229095572
102,Mohini Das,23,mohinidas@gmail.com,9007515302
123,Ria sharma,14,ria@gmail.com,89876543
501,Anandesh,20,anandesh@gmail.com,1229095572
102,Mohini Das,23,mohinidas@gmail.com,9007515302
123,Ria sharma,14,ria@gmail.com,89876543
501,Anandesh,20,anandesh@gmail.com,1229095572
102,Mohini Das,23,mohinidas@gmail.com,9007515302
123,Ria sharma,14,ria@gmail.com,89876543
501,Anandesh,20,anandesh@gmail.com,1229095572
102,Mohini Das,23,mohinidas@gmail.com,9007515302
123,Ria sharma,14,ria@gmail.com,89876543
501,Anandesh,20,anandesh@gmail.com,1229095572
102,Mohini Das,23,mohinidas@gmail.com,9007515302
123,Ria sharma,14,ria@gmail.com,89876543
501,Anandesh,20,anandesh@gmail.com,1229095572
102,Mohini Das,23,mohinidas@gmail.com,9007515302
123,Ria sharma,14,ria@gmail.com,89876543
501,Anandesh,20,anandesh@gmail.com,1229095572
102,Mohini Das,23,mohinidas@gmail.com,9007515302
123,Ria sharma,14,ria@gmail.com,89876543
501,Anandesh,20,anandesh@gmail.com,1229095572
102,Mohini Das,23,mohinidas@gmail.com,9007515302
123,Ria sharma,14,ria@gmail.com,89876543
501,Anandesh,20,anandesh@gmail.com,1229095572
102,Mohini Das,23,mohinidas@gmail.com,9007515302
123,Ria sharma,14,ria@gmail.com,89876543
501,Anandesh,20,anandesh@gmail.com,1229095572
102,Mohini Das,23,mohinidas@gmail.com,9007515302
123,Ria sharma,14,ria@gmail.com,89876543
501,Anandesh,20,anandesh@gmail.com,1229095572
102,Mohini Das,23,mohinidas@gmail.com,9007515302
123,Ria sharma,14,ria@gmail.com,89876543
501,Anandesh,20,anandesh@gmail.com,1229095572
102,Mohini Das,23,mohinidas@gmail.com,9007515302
123,Ria sharma,14,ria@gmail.com,89876543
501,Anandesh,20,anandesh@gmail.com,1229095572
102,Mohini Das,23,mohinidas@gmail.com,9007515302
123,Ria sharma,14,ria@gmail.com,89876543
501,Anandesh,20,anandesh@gmail.com,1229095572
102,Mohini Das,23,mohinidas@gmail.com,9007515302
123,Ria sharma,14,ria@gmail.com,89876543
501,Anandesh,20,anandesh@gmail.com,1229095572
102,Mohini Das,23,mohinidas@gmail.com,9007515302
123,Ria sharma,14,ria@gmail.com,89876543
501,Anandesh,20,anandesh@gmail.com,1229095572
102,Mohini Das,23,mohinidas@gmail.com,9007515302
123,Ria sharma,14,ria@gmail.com,89876543
501,Anandesh,20,anandesh@gmail.com,1229095572
102,Mohini Das,23,mohinidas@gmail.com,9007515302
123,Ria sharma,14,ria@gmail.com,89876543
501,Anandesh,20,anandesh@gmail.com,1229095572
102,Mohini Das,23,mohinidas@gmail.com,9007515302
123,Ria sharma,14,ria@gmail.com,89876543
501,Anandesh,20,anandesh@gmail.com,1229095572
102,Mohini Das,23,mohinidas@gmail.com,9007515302
123,Ria sharma,14,ria@gmail.com,89876543
501,Anandesh,20,anandesh@gmail.com,1229095572
102,Mohini Das,23,mohinidas@gmail.com,9007515302
123,Ria sharma,14,ria@gmail.com,89876543
501,Anandesh,20,anandesh@gmail.com,1229095572
102,Mohini Das,23,mohinidas@gmail.com,9007515302
123,Ria sharma,14,ria@gmail.com,89876543
501,Anandesh,20,anandesh@gmail.com,1229095572
102,Mohini Das,23,mohinidas@gmail.com,9007515302
123,Ria sharma,14,ria@gmail.com,89876543
501,Anandesh,20,anandesh@gmail.com,1229095572
102,Mohini Das,23,mohinidas@gmail.com,9007515302
123,Ria sharma,14,ria@gmail.com,89876543
501,Anandesh,20,anandesh@gmail.com,1229095572
102,Mohini Das,23,mohinidas@gmail.com,9007515302
123,Ria sharma,14,ria@gmail.com,89876543
501,Anandesh,20,anandesh@gmail.com,1229095572
102,Mohini Das,23,mohinidas@gmail.com,9007515302
123,Ria sharma,14,ria@gmail.com,89876543
501,Anandesh,20,anandesh@gmail.com,1229095572
102,Mohini Das,23,mohinidas@gmail.com,9007515302
123,Ria sharma,14,ria@gmail.com,89876543
501,Anandesh,20,anandesh@gmail.com,1229095572
102,Mohini Das,23,mohinidas@gmail.com,9007515302
123,Ria sharma,14,ria@gmail.com,89876543
501,Anandesh,20,anandesh@gmail.com,1229095572
102,Mohini Das,23,mohinidas@gmail.com,9007515302
123,Ria sharma,14,ria@gmail.com,89876543
501,Anandesh,20,anandesh@gmail.com,1229095572
102,Mohini Das,23,mohinidas@gmail.com,9007515302
123,Ria sharma,14,ria@gmail.com,89876543
501,Anandesh,20,anandesh@gmail.com,1229095572
102,Mohini Das,23,mohinidas@gmail.com,9007515302
123,Ria sharma,14,ria@gmail.com,89876543
501,Anandesh,20,anandesh@gmail.com,1229095572
102,Mohini Das,23,mohinidas@gmail.com,9007515302
123,Ria sharma,14,ria@gmail.com,89876543
501,Anandesh,20,anandesh@gmail.com,1229095572
102,Mohini Das,23,mohinidas@gmail.com,9007515302
123,Ria sharma,14,ria@gmail.com,89876543
501,Anandesh,20,anandesh@gmail.com,1229095572
102,Mohini Das,23,mohinidas@gmail.com,9007515302
123,Ria sharma,14,ria@gmail.com,89876543
501,Anandesh,20,anandesh@gmail.com,1229095572
102,Mohini Das,23,mohinidas@gmail.com,9007515302
123,Ria sharma,14,ria@gmail.com,89876543
501,Anandesh,20,anandesh@gmail.com,1229095572
102,Mohini Das,23,mohinidas@gmail.com,9007515302
123,Ria sharma,14,ria@gmail.com,89876543
501,Anandesh,20,anandesh@gmail.com,1229095572
102,Mohini Das,23,mohinidas@gmail.com,9007515302
123,Ria sharma,14,ria@gmail.com,89876543
501,Anandesh,20,anandesh@gmail.com,1229095572
102,Mohini Das,23,mohinidas@gmail.com,9007515302
123,Ria sharma,14,ria@gmail.com,89876543
501,Anandesh,20,anandesh@gmail.com,1229095572
102,Mohini Das,23,mohinidas@gmail.com,9007515302
123,Ria sharma,14,ria@gmail.com,89876543
501,Anandesh,20,anandesh@gmail.com,1229095572
102,Mohini Das,23,mohinidas@gmail.com,9007515302
123,Ria sharma,14,ria@gmail.com,89876543
501,Anandesh,20,anandesh@gmail.com,1229095572
102,Mohini Das,23,mohinidas@gmail.com,9007515302
123,Ria sharma,14,ria@gmail.com,89876543
501,Anandesh,20,anandesh@gmail.com,1229095572
102,Mohini Das,23,mohinidas@gmail.com,9007515302
123,Ria sharma,14,ria@gmail.com,89876543
501,Anandesh,20,anandesh@gmail.com,1229095572
102,Mohini Das,23,mohinidas@gmail.com,9007515302
123,Ria sharma,14,ria@gmail.com,89876543
501,Anandesh,20,anandesh@gmail.com,1229095572
102,Mohini Das,23,mohinidas@gmail.com,9007515302
123,Ria sharma,14,ria@gmail.com,89876543
501,Anandesh,20,anandesh@gmail.com,1229095572
102,Mohini Das,23,mohinidas@gmail.com,9007515302
123,Ria sharma,14,ria@gmail.com,89876543
501,Anandesh,20,anandesh@gmail.com,1229095572
102,Mohini Das,23,mohinidas@gmail.com,9007515302
123,Ria sharma,14,ria@gmail.com,89876543
501,Anandesh,20,anandesh@gmail.com,1229095572
102,Mohini Das,23,mohinidas@gmail.com,9007515302
123,Ria sharma,14,ria@gmail.com,89876543
501,Anandesh,20,anandesh@gmail.com,1229095572
102,Mohini Das,23,mohinidas@gmail.com,9007515302
123,Ria sharma,14,ria@gmail.com,89876543
501,Anandesh,20,anandesh@gmail.com,1229095572
102,Mohini Das,23,mohinidas@gmail.com,9007515302
123,Ria sharma,14,ria@gmail.com,89876543
501,Anandesh,20,anandesh@gmail.com,1229095572
102,Mohini Das,23,mohinidas@gmail.com,9007515302
123,Ria sharma,14,ria@gmail.com,89876543
501,Anandesh,20,anandesh@gmail.com,1229095572
102,Mohini Das,23,mohinidas@gmail.com,9007515302
123,Ria sharma,14,ria@gmail.com,89876543
501,Anandesh,20,anandesh@gmail.com,1229095572
102,Mohini Das,23,mohinidas@gmail.com,9007515302
123,Ria sharma,14,ria@gmail.com,89876543
501,Anandesh,20,anandesh@gmail.com,1229095572
102,Mohini Das,23,mohinidas@gmail.com,9007515302
123,Ria sharma,14,ria@gmail.com,89876543
501,Anandesh,20,anandesh@gmail.com,1229095572
102,Mohini Das,23,mohinidas@gmail.com,9007515302
123,Ria sharma,14,ria@gmail.com,89876543
501,Anandesh,20,anandesh@gmail.com,1229095572
102,Mohini Das,23,mohinidas@gmail.com,9007515302
123,Ria sharma,14,ria@gmail.com,89876543
501,Anandesh,20,anandesh@gmail.com,1229095572
102,Mohini Das,23,mohinidas@gmail.com,9007515302
123,Ria sharma,14,ria@gmail.com,89876543
501,Anandesh,20,anandesh@gmail.com,1229095572
102,Mohini Das,23,mohinidas@gmail.com,9007515302
123,Ria sharma,14,ria@gmail.com,89876543
501,Anandesh,20,anandesh@gmail.com,1229095572
102,Mohini Das,23,mohinidas@gmail.com,9007515302
123,Ria sharma,14,ria@gmail.com,89876543
501,Anandesh,20,anandesh@gmail.com,1229095572
102,Mohini Das,23,mohinidas@gmail.com,9007515302
123,Ria sharma,14,ria@gmail.com,89876543
501,Anandesh,20,anandesh@gmail.com,1229095572
102,Mohini Das,23,mohinidas@gmail.com,9007515302
123,Ria sharma,14,ria@gmail.com,89876543
501,Anandesh,20,anandesh@gmail.com,1229095572
102,Mohini Das,23,mohinidas@gmail.com,9007515302
123,Ria sharma,14,ria@gmail.com,89876543
501,Anandesh,20,anandesh@gmail.com,1229095572
102,Mohini Das,23,mohinidas@gmail.com,9007515302
123,Ria sharma,14,ria@gmail.com,89876543
501,Anandesh,20,anandesh@gmail.com,1229095572
102,Mohini Das,23,mohinidas@gmail.com,9007515302
123,Ria sharma,14,ria@gmail.com,89876543
501,Anandesh,20,anandesh@gmail.com,1229095572
102,Mohini Das,23,mohinidas@gmail.com,9007515302
123,Ria sharma,14,ria@gmail.com,89876543
501,Anandesh,20,anandesh@gmail.com,1229095572
102,Mohini Das,23,mohinidas@gmail.com,9007515302
123,Ria sharma,14,ria@gmail.com,89876543
501,Anandesh,20,anandesh@gmail.com,1229095572
102,Mohini Das,23,mohinidas@gmail.com,9007515302
123,Ria sharma,14,ria@gmail.com,89876543
501,Anandesh,20,anandesh@gmail.com,1229095572
102,Mohini Das,23,mohinidas@gmail.com,9007515302
123,Ria sharma,14,ria@gmail.com,89876543
501,Anandesh,20,anandesh@gmail.com,1229095572
102,Mohini Das,23,mohinidas@gmail.com,9007515302
123,Ria sharma,14,ria@gmail.com,89876543
501,Anandesh,20,anandesh@gmail.com,1229095572
102,Mohini Das,23,mohinidas@gmail.com,9007515302
123,Ria sharma,14,ria@gmail.com,89876543
501,Anandesh,20,anandesh@gmail.com,1229095572
102,Mohini Das,23,mohinidas@gmail.com,9007515302
123,Ria sharma,14,ria@gmail.com,89876543
501,Anandesh,20,anandesh@gmail.com,1229095572
102,Mohini Das,23,mohinidas@gmail.com,9007515302
123,Ria sharma,14,ria@gmail.com,89876543
501,Anandesh,20,anandesh@gmail.com,1229095572
102,Mohini Das,23,mohinidas@gmail.com,9007515302
123,Ria sharma,14,ria@gmail.com,89876543
501,Anandesh,20,anandesh@gmail.com,1229095572
102,Mohini Das,23,mohinidas@gmail.com,9007515302
123,Ria sharma,14,ria@gmail.com,89876543
501,Anandesh,20,anandesh@gmail.com,1229095572
102,Mohini Das,23,mohinidas@gmail.com,9007515302
123,Ria sharma,14,ria@gmail.com,89876543
501,Anandesh,20,anandesh@gmail.com,1229095572
102,Mohini Das,23,mohinidas@gmail.com,9007515302
123,Ria sharma,14,ria@gmail.com,89876543
501,Anandesh,20,anandesh@gmail.com,1229095572
102,Mohini Das,23,mohinidas@gmail.com,9007515302
123,Ria sharma,14,ria@gmail.com,89876543
501,Anandesh,20,anandesh@gmail.com,1229095572
102,Mohini Das,23,mohinidas@gmail.com,9007515302
123,Ria sharma,14,ria@gmail.com,89876543
501,Anandesh,20,anandesh@gmail.com,1229095572
102,Mohini Das,23,mohinidas@gmail.com,9007515302
123,Ria sharma,14,ria@gmail.com,89876543
501,Anandesh,20,anandesh@gmail.com,1229095572
102,Mohini Das,23,mohinidas@gmail.com,9007515302
123,Ria sharma,14,ria@gmail.com,89876543
501,Anandesh,20,anandesh@gmail.com,1229095572
102,Mohini Das,23,mohinidas@gmail.com,9007515302
123,Ria sharma,14,ria@gmail.com,89876543
501,Anandesh,20,anandesh@gmail.com,1229095572
102,Mohini Das,23,mohinidas@gmail.com,9007515302
123,Ria sharma,14,ria@gmail.com,89876543
501,Anandesh,20,anandesh@gmail.com,1229095572
102,Mohini Das,23,mohinidas@gmail.com,9007515302
123,Ria sharma,14,ria@gmail.com,89876543
501,Anandesh,20,anandesh@gmail.com,1229095572
102,Mohini Das,23,mohinidas@gmail.com,9007515302
123,Ria sharma,14,ria@gmail.com,89876543
501,Anandesh,20,anandesh@gmail.com,1229095572
102,Mohini Das,23,mohinidas@gmail.com,9007515302
123,Ria sharma,14,ria@gmail.com,89876543
501,Anandesh,20,anandesh@gmail.com,1229095572
102,Mohini Das,23,mohinidas@gmail.com,9007515302
123,Ria sharma,14,ria@gmail.com,89876543
501,Anandesh,20,anandesh@gmail.com,1229095572
102,Mohini Das,23,mohinidas@gmail.com,9007515302
123,Ria sharma,14,ria@gmail.com,89876543
501,Anandesh,20,anandesh@gmail.com,1229095572
102,Mohini Das,23,mohinidas@gmail.com,9007515302
123,Ria sharma,14,ria@gmail.com,89876543
501,Anandesh,20,anandesh@gmail.com,1229095572
102,Mohini Das,23,mohinidas@gmail.com,9007515302
1000,Ramesh,500,ramesh@ramesh.com,123456
1000,Ramesh,500,ramesh@ramesh.com,123456
1000,Ramesh,500,ramesh@ramesh.com,123456
1000,Ramesh,500,ramesh@ramesh.com,123456